{"cameraMode":{"drawMode":0,"name":"Shaded","section":"Shading Mode"},"sceneLighting":true,"audioPlay":false,"sceneViewState":{"showFog":true,"showMaterialUpdate":false,"showSkybox":true,"showFlares":true,"showImageEffects":true,"showParticleSystems":true},"in2DMode":false,"pivot":{"x":0.687393307685852,"y":19.894855499267579,"z":16.725374221801759},"rotation":{"x":0.4085640609264374,"y":0.00821433775126934,"z":-0.0036777935456484558,"w":0.9126852750778198},"size":30.470067977905275,"orthographic":false}